Model,MAE,RMSE,R2
Random Forest,12.723412725450903,20.724351240835915,0.9853243697655697
LSTM,114.7128725535024,163.2076195277788,0.08984421630163852
